-- HTQLVT sample seed data (15 customers, 10 suppliers, 7 carriers, 9 vehicles, 15 staff, 9 routes, 22 trips, 47 lots, 39 receipts, 25 expenses)
-- Auto-generated. Run AFTER migrations. Idempotent: uses INSERT OR REPLACE.
PRAGMA foreign_keys=OFF;
BEGIN TRANSACTION;
DELETE FROM phieu_chi;
DELETE FROM phieu_thu;
DELETE FROM lo_hang;
DELETE FROM chuyen_xe;
DELETE FROM bang_gia;
DELETE FROM cham_cong;
DELETE FROM xe;
DELETE FROM tai_xe;
DELETE FROM nhan_vien;
DELETE FROM cty_van_tai;
DELETE FROM hang;
DELETE FROM tuyen;
DELETE FROM khach_hang;
DELETE FROM so_du_dau_ky;
INSERT OR REPLACE INTO khach_hang (id,ma_kh,ten,nip,dia_chi,sdt,han_tt,ghi_chu,danh_gia,danh_gia_manual,tien_te,created_at,updated_at) VALUES ('KH-001','001','A ĐỨC BÉO','PL5210123456','Warszawa','+48 600 111 222',30,'','','','PLN',datetime('now'),datetime('now'));
INSERT OR REPLACE INTO khach_hang (id,ma_kh,ten,nip,dia_chi,sdt,han_tt,ghi_chu,danh_gia,danh_gia_manual,tien_te,created_at,updated_at) VALUES ('KH-002','002','A HUI','PL5210234567','Wólka','+48 600 222 333',30,'','','','PLN',datetime('now'),datetime('now'));
INSERT OR REPLACE INTO khach_hang (id,ma_kh,ten,nip,dia_chi,sdt,han_tt,ghi_chu,danh_gia,danh_gia_manual,tien_te,created_at,updated_at) VALUES ('KH-003','003','A GIAO','PL5210345678','Warszawa','+48 600 333 444',30,'','','','PLN',datetime('now'),datetime('now'));
INSERT OR REPLACE INTO khach_hang (id,ma_kh,ten,nip,dia_chi,sdt,han_tt,ghi_chu,danh_gia,danh_gia_manual,tien_te,created_at,updated_at) VALUES ('KH-004','004','A TRƯỜNG','PL5210456789','Łódź','+48 600 444 555',14,'Cẩn trọng','','canhbao','PLN',datetime('now'),datetime('now'));
INSERT OR REPLACE INTO khach_hang (id,ma_kh,ten,nip,dia_chi,sdt,han_tt,ghi_chu,danh_gia,danh_gia_manual,tien_te,created_at,updated_at) VALUES ('KH-005','005','A PHƯƠNG','PL5210567890','Kraków','+48 600 555 666',30,'','','','PLN',datetime('now'),datetime('now'));
INSERT OR REPLACE INTO khach_hang (id,ma_kh,ten,nip,dia_chi,sdt,han_tt,ghi_chu,danh_gia,danh_gia_manual,tien_te,created_at,updated_at) VALUES ('KH-006','006','A QUÝ','PL5210600001','Wólka','+48 601 600 001',30,'KH lâu năm','','','PLN',datetime('now'),datetime('now'));
INSERT OR REPLACE INTO khach_hang (id,ma_kh,ten,nip,dia_chi,sdt,han_tt,ghi_chu,danh_gia,danh_gia_manual,tien_te,created_at,updated_at) VALUES ('KH-007','007','A LỘC','PL5210700002','Warszawa','+48 601 700 002',21,'','','','PLN',datetime('now'),datetime('now'));
INSERT OR REPLACE INTO khach_hang (id,ma_kh,ten,nip,dia_chi,sdt,han_tt,ghi_chu,danh_gia,danh_gia_manual,tien_te,created_at,updated_at) VALUES ('KH-008','008','C HOA','PL5210800003','Łódź','+48 601 800 003',30,'','','','PLN',datetime('now'),datetime('now'));
INSERT OR REPLACE INTO khach_hang (id,ma_kh,ten,nip,dia_chi,sdt,han_tt,ghi_chu,danh_gia,danh_gia_manual,tien_te,created_at,updated_at) VALUES ('KH-009','009','C LAN','PL5210900004','Wrocław','+48 601 900 004',14,'Khách mới','','','PLN',datetime('now'),datetime('now'));
INSERT OR REPLACE INTO khach_hang (id,ma_kh,ten,nip,dia_chi,sdt,han_tt,ghi_chu,danh_gia,danh_gia_manual,tien_te,created_at,updated_at) VALUES ('KH-010','010','A BÌNH','PL5211000005','Poznań','+48 602 100 005',30,'','','','PLN',datetime('now'),datetime('now'));
INSERT OR REPLACE INTO khach_hang (id,ma_kh,ten,nip,dia_chi,sdt,han_tt,ghi_chu,danh_gia,danh_gia_manual,tien_te,created_at,updated_at) VALUES ('KH-011','011','A KHANG','PL5211100006','Kraków','+48 602 100 006',30,'Trả chậm','','binhthuong','PLN',datetime('now'),datetime('now'));
INSERT OR REPLACE INTO khach_hang (id,ma_kh,ten,nip,dia_chi,sdt,han_tt,ghi_chu,danh_gia,danh_gia_manual,tien_te,created_at,updated_at) VALUES ('KH-012','012','C THẢO','PL5211200007','Wólka','+48 602 100 007',30,'','','','PLN',datetime('now'),datetime('now'));
INSERT OR REPLACE INTO khach_hang (id,ma_kh,ten,nip,dia_chi,sdt,han_tt,ghi_chu,danh_gia,danh_gia_manual,tien_te,created_at,updated_at) VALUES ('KH-013','013','A NHẬT','PL5211300008','Warszawa','+48 602 100 008',30,'KH cảnh báo','','canhbao','PLN',datetime('now'),datetime('now'));
INSERT OR REPLACE INTO khach_hang (id,ma_kh,ten,nip,dia_chi,sdt,han_tt,ghi_chu,danh_gia,danh_gia_manual,tien_te,created_at,updated_at) VALUES ('KH-014','014','A LONG','PL5211400009','Wólka','+48 602 100 009',21,'','','','PLN',datetime('now'),datetime('now'));
INSERT OR REPLACE INTO khach_hang (id,ma_kh,ten,nip,dia_chi,sdt,han_tt,ghi_chu,danh_gia,danh_gia_manual,tien_te,created_at,updated_at) VALUES ('KH-015','015','C MAI','PL5211500010','Gdańsk','+48 602 100 010',30,'KH mới ký HĐ','','','PLN',datetime('now'),datetime('now'));
INSERT OR REPLACE INTO hang (id,ten,nuoc,dia_chi,created_at,updated_at) VALUES ('H-001','JM','Ý','Milano',datetime('now'),datetime('now'));
INSERT OR REPLACE INTO hang (id,ten,nuoc,dia_chi,created_at,updated_at) VALUES ('H-002','ENVIPLUS','Ý','Roma',datetime('now'),datetime('now'));
INSERT OR REPLACE INTO hang (id,ten,nuoc,dia_chi,created_at,updated_at) VALUES ('H-003','DYANA','Pháp','Paris',datetime('now'),datetime('now'));
INSERT OR REPLACE INTO hang (id,ten,nuoc,dia_chi,created_at,updated_at) VALUES ('H-004','ABB.WGT','Ý','Napoli',datetime('now'),datetime('now'));
INSERT OR REPLACE INTO hang (id,ten,nuoc,dia_chi,created_at,updated_at) VALUES ('H-005','CzMod','Tiệp','Praha',datetime('now'),datetime('now'));
INSERT OR REPLACE INTO hang (id,ten,nuoc,dia_chi,created_at,updated_at) VALUES ('H-006','Italmod','Ý','Bologna',datetime('now'),datetime('now'));
INSERT OR REPLACE INTO hang (id,ten,nuoc,dia_chi,created_at,updated_at) VALUES ('H-007','FrenchPrime','Pháp','Lyon',datetime('now'),datetime('now'));
INSERT OR REPLACE INTO hang (id,ten,nuoc,dia_chi,created_at,updated_at) VALUES ('H-008','GoldenWear','Pháp','Marseille',datetime('now'),datetime('now'));
INSERT OR REPLACE INTO hang (id,ten,nuoc,dia_chi,created_at,updated_at) VALUES ('H-009','Skoda Parts','Tiệp','Mladá Boleslav',datetime('now'),datetime('now'));
INSERT OR REPLACE INTO hang (id,ten,nuoc,dia_chi,created_at,updated_at) VALUES ('H-010','BergamoTech','Ý','Bergamo',datetime('now'),datetime('now'));
INSERT OR REPLACE INTO cty_van_tai (id,ten,dia_chi,sdt,created_at,updated_at) VALUES ('CV-001','TransPol','Warszawa','+48 22 111 1111',datetime('now'),datetime('now'));
INSERT OR REPLACE INTO cty_van_tai (id,ten,dia_chi,sdt,created_at,updated_at) VALUES ('CV-002','EuroLogistics','Łódź','+48 42 222 2222',datetime('now'),datetime('now'));
INSERT OR REPLACE INTO cty_van_tai (id,ten,dia_chi,sdt,created_at,updated_at) VALUES ('CV-003','SpeedFreight','Wrocław','+48 71 333 3333',datetime('now'),datetime('now'));
INSERT OR REPLACE INTO cty_van_tai (id,ten,dia_chi,sdt,created_at,updated_at) VALUES ('CV-004','PolFracht','Warszawa','+48 22 444 4444',datetime('now'),datetime('now'));
INSERT OR REPLACE INTO cty_van_tai (id,ten,dia_chi,sdt,created_at,updated_at) VALUES ('CV-005','EastTrans','Białystok','+48 85 555 5555',datetime('now'),datetime('now'));
INSERT OR REPLACE INTO cty_van_tai (id,ten,dia_chi,sdt,created_at,updated_at) VALUES ('CV-006','WestExpress','Poznań','+48 61 666 6666',datetime('now'),datetime('now'));
INSERT OR REPLACE INTO cty_van_tai (id,ten,dia_chi,sdt,created_at,updated_at) VALUES ('CV-007','CarpathianLog','Kraków','+48 12 777 7777',datetime('now'),datetime('now'));
INSERT OR REPLACE INTO nhan_vien (id,ten,vai_tro,sdt,so_giay_to,dia_chi,ghi_chu,active,created_at,updated_at) VALUES ('NV-001','Nam','laixe','+48 700 111 111','PESEL 88051512345','Warszawa','',1,datetime('now'),datetime('now'));
INSERT OR REPLACE INTO nhan_vien (id,ten,vai_tro,sdt,so_giay_to,dia_chi,ghi_chu,active,created_at,updated_at) VALUES ('NV-002','Tuấn','laixe','+48 700 222 222','PESEL 87031554321','Warszawa','',1,datetime('now'),datetime('now'));
INSERT OR REPLACE INTO nhan_vien (id,ten,vai_tro,sdt,so_giay_to,dia_chi,ghi_chu,active,created_at,updated_at) VALUES ('NV-003','Hùng','laixe','+48 700 333 333','PESEL 90071587654','Łódź','',1,datetime('now'),datetime('now'));
INSERT OR REPLACE INTO nhan_vien (id,ten,vai_tro,sdt,so_giay_to,dia_chi,ghi_chu,active,created_at,updated_at) VALUES ('NV-004','Sơn','laixe','+48 700 444 444','PESEL 92021521098','Kraków','',1,datetime('now'),datetime('now'));
INSERT OR REPLACE INTO nhan_vien (id,ten,vai_tro,sdt,so_giay_to,dia_chi,ghi_chu,active,created_at,updated_at) VALUES ('NV-005','Linh','ketoanVien','+48 700 555 555','PESEL 91091598765','Warszawa','',1,datetime('now'),datetime('now'));
INSERT OR REPLACE INTO nhan_vien (id,ten,vai_tro,sdt,so_giay_to,dia_chi,ghi_chu,active,created_at,updated_at) VALUES ('NV-006','Mai','ketoanTruong','+48 700 666 666','PESEL 89111176543','Warszawa','',1,datetime('now'),datetime('now'));
INSERT OR REPLACE INTO nhan_vien (id,ten,vai_tro,sdt,so_giay_to,dia_chi,ghi_chu,active,created_at,updated_at) VALUES ('NV-007','Hoa','admin','+48 700 777 777','PESEL 85051023456','Warszawa','',1,datetime('now'),datetime('now'));
INSERT OR REPLACE INTO nhan_vien (id,ten,vai_tro,sdt,so_giay_to,dia_chi,ghi_chu,active,created_at,updated_at) VALUES ('NV-008','Lan','kho','+48 700 888 888','PESEL 93081234567','Wólka','',1,datetime('now'),datetime('now'));
INSERT OR REPLACE INTO nhan_vien (id,ten,vai_tro,sdt,so_giay_to,dia_chi,ghi_chu,active,created_at,updated_at) VALUES ('NV-009','Phượng','nhanvien','+48 700 999 999','PESEL 94121234567','Warszawa','',1,datetime('now'),datetime('now'));
INSERT OR REPLACE INTO nhan_vien (id,ten,vai_tro,sdt,so_giay_to,dia_chi,ghi_chu,active,created_at,updated_at) VALUES ('NV-010','Cường','laixe','+48 701 010 010','PESEL 86041587654','Wrocław','',1,datetime('now'),datetime('now'));
INSERT OR REPLACE INTO nhan_vien (id,ten,vai_tro,sdt,so_giay_to,dia_chi,ghi_chu,active,created_at,updated_at) VALUES ('NV-011','Đức','laixe','+48 701 011 011','PESEL 91020598765','Łódź','',1,datetime('now'),datetime('now'));
INSERT OR REPLACE INTO nhan_vien (id,ten,vai_tro,sdt,so_giay_to,dia_chi,ghi_chu,active,created_at,updated_at) VALUES ('NV-012','Phương Anh','ketoanVien','+48 701 012 012','PESEL 95061234567','Warszawa','',1,datetime('now'),datetime('now'));
INSERT OR REPLACE INTO nhan_vien (id,ten,vai_tro,sdt,so_giay_to,dia_chi,ghi_chu,active,created_at,updated_at) VALUES ('NV-013','Hằng','kho','+48 701 013 013','PESEL 96071234567','Wólka','',1,datetime('now'),datetime('now'));
INSERT OR REPLACE INTO nhan_vien (id,ten,vai_tro,sdt,so_giay_to,dia_chi,ghi_chu,active,created_at,updated_at) VALUES ('NV-014','Tâm','laixe','+48 701 014 014','PESEL 88091587654','Kraków','',1,datetime('now'),datetime('now'));
INSERT OR REPLACE INTO nhan_vien (id,ten,vai_tro,sdt,so_giay_to,dia_chi,ghi_chu,active,created_at,updated_at) VALUES ('NV-015','Quang','nhanvien','+48 701 015 015','PESEL 92031234567','Warszawa','',1,datetime('now'),datetime('now'));
INSERT OR REPLACE INTO xe (id,bien_so,so_xe,loai_xe,trong_tai,tai_xe_id,cty_vt_id,created_at,updated_at) VALUES ('XE-46','WW 12345A','XE 46','Tải lớn',0,'NV-003','CV-001',datetime('now'),datetime('now'));
INSERT OR REPLACE INTO xe (id,bien_so,so_xe,loai_xe,trong_tai,tai_xe_id,cty_vt_id,created_at,updated_at) VALUES ('XE-47','WW 67890B','XE 47','Tải lớn',0,'NV-001','CV-002',datetime('now'),datetime('now'));
INSERT OR REPLACE INTO xe (id,bien_so,so_xe,loai_xe,trong_tai,tai_xe_id,cty_vt_id,created_at,updated_at) VALUES ('XE-48','WL 11111C','XE 48','Tải vừa',0,'NV-004','CV-002',datetime('now'),datetime('now'));
INSERT OR REPLACE INTO xe (id,bien_so,so_xe,loai_xe,trong_tai,tai_xe_id,cty_vt_id,created_at,updated_at) VALUES ('XE-50','WW 99999D','XE 50','Tải vừa',0,'NV-002','CV-001',datetime('now'),datetime('now'));
INSERT OR REPLACE INTO xe (id,bien_so,so_xe,loai_xe,trong_tai,tai_xe_id,cty_vt_id,created_at,updated_at) VALUES ('XE-49','KR 12345E','XE 49','Tải lớn',0,'NV-010','CV-003',datetime('now'),datetime('now'));
INSERT OR REPLACE INTO xe (id,bien_so,so_xe,loai_xe,trong_tai,tai_xe_id,cty_vt_id,created_at,updated_at) VALUES ('XE-51','WL 22222F','XE 51','Tải vừa',0,'NV-011','CV-004',datetime('now'),datetime('now'));
INSERT OR REPLACE INTO xe (id,bien_so,so_xe,loai_xe,trong_tai,tai_xe_id,cty_vt_id,created_at,updated_at) VALUES ('XE-52','PO 33333G','XE 52','Tải lớn',0,'NV-014','CV-005',datetime('now'),datetime('now'));
INSERT OR REPLACE INTO xe (id,bien_so,so_xe,loai_xe,trong_tai,tai_xe_id,cty_vt_id,created_at,updated_at) VALUES ('XE-53','GD 44444H','XE 53','Tải vừa',0,'NV-001','CV-006',datetime('now'),datetime('now'));
INSERT OR REPLACE INTO xe (id,bien_so,so_xe,loai_xe,trong_tai,tai_xe_id,cty_vt_id,created_at,updated_at) VALUES ('XE-54','WR 55555I','XE 54','Tải nhỏ',0,'NV-003','CV-007',datetime('now'),datetime('now'));
INSERT OR REPLACE INTO tuyen (id,ten,diem_di,diem_den,mau,dau_muc_group,tien_to,created_at,updated_at) VALUES ('T-001','Paris-Wólka','Paris','Wólka','blue','phap','F',datetime('now'),datetime('now'));
INSERT OR REPLACE INTO tuyen (id,ten,diem_di,diem_den,mau,dau_muc_group,tien_to,created_at,updated_at) VALUES ('T-002','Lyon-Wólka','Lyon','Wólka','blue','phap','F',datetime('now'),datetime('now'));
INSERT OR REPLACE INTO tuyen (id,ten,diem_di,diem_den,mau,dau_muc_group,tien_to,created_at,updated_at) VALUES ('T-003','Prato-Wólka','Prato','Wólka','amber','y','W',datetime('now'),datetime('now'));
INSERT OR REPLACE INTO tuyen (id,ten,diem_di,diem_den,mau,dau_muc_group,tien_to,created_at,updated_at) VALUES ('T-004','Roma-Wólka','Roma','Wólka','amber','y','W',datetime('now'),datetime('now'));
INSERT OR REPLACE INTO tuyen (id,ten,diem_di,diem_den,mau,dau_muc_group,tien_to,created_at,updated_at) VALUES ('T-005','Praha-Wólka','Praha','Wólka','green','tiep','C',datetime('now'),datetime('now'));
INSERT OR REPLACE INTO tuyen (id,ten,diem_di,diem_den,mau,dau_muc_group,tien_to,created_at,updated_at) VALUES ('T-006','Wólka-Lodz','Wólka','Lodz','gray','balan','P',datetime('now'),datetime('now'));
INSERT OR REPLACE INTO tuyen (id,ten,diem_di,diem_den,mau,dau_muc_group,tien_to,created_at,updated_at) VALUES ('T-007','Khác','Khác','','gray','khac','K',datetime('now'),datetime('now'));
INSERT OR REPLACE INTO tuyen (id,ten,diem_di,diem_den,mau,dau_muc_group,tien_to,created_at,updated_at) VALUES ('T-008','Berlin-Wólka','Berlin','Wólka','gray','khac','K',datetime('now'),datetime('now'));
INSERT OR REPLACE INTO tuyen (id,ten,diem_di,diem_den,mau,dau_muc_group,tien_to,created_at,updated_at) VALUES ('T-009','Madrid-Wólka','Madrid','Wólka','gray','khac','K',datetime('now'),datetime('now'));
INSERT OR REPLACE INTO bang_gia (id,khach_hang_id,don_gia,tien_te,created_at,updated_at) VALUES ('BG-001','KH-001',100,'PLN',datetime('now'),datetime('now'));
INSERT OR REPLACE INTO bang_gia (id,khach_hang_id,don_gia,tien_te,created_at,updated_at) VALUES ('BG-002','KH-002',80,'PLN',datetime('now'),datetime('now'));
INSERT OR REPLACE INTO bang_gia (id,khach_hang_id,don_gia,tien_te,created_at,updated_at) VALUES ('BG-003','KH-003',100,'PLN',datetime('now'),datetime('now'));
INSERT OR REPLACE INTO bang_gia (id,khach_hang_id,don_gia,tien_te,created_at,updated_at) VALUES ('BG-004','KH-004',80,'PLN',datetime('now'),datetime('now'));
INSERT OR REPLACE INTO bang_gia (id,khach_hang_id,don_gia,tien_te,created_at,updated_at) VALUES ('BG-005','KH-005',100,'PLN',datetime('now'),datetime('now'));
INSERT OR REPLACE INTO bang_gia (id,khach_hang_id,don_gia,tien_te,created_at,updated_at) VALUES ('BG-006','KH-006',90,'PLN',datetime('now'),datetime('now'));
INSERT OR REPLACE INTO bang_gia (id,khach_hang_id,don_gia,tien_te,created_at,updated_at) VALUES ('BG-007','KH-007',95,'PLN',datetime('now'),datetime('now'));
INSERT OR REPLACE INTO bang_gia (id,khach_hang_id,don_gia,tien_te,created_at,updated_at) VALUES ('BG-008','KH-008',85,'PLN',datetime('now'),datetime('now'));
INSERT OR REPLACE INTO bang_gia (id,khach_hang_id,don_gia,tien_te,created_at,updated_at) VALUES ('BG-009','KH-009',100,'PLN',datetime('now'),datetime('now'));
INSERT OR REPLACE INTO bang_gia (id,khach_hang_id,don_gia,tien_te,created_at,updated_at) VALUES ('BG-010','KH-010',80,'EUR',datetime('now'),datetime('now'));
INSERT OR REPLACE INTO bang_gia (id,khach_hang_id,don_gia,tien_te,created_at,updated_at) VALUES ('BG-011','KH-011',90,'PLN',datetime('now'),datetime('now'));
INSERT OR REPLACE INTO bang_gia (id,khach_hang_id,don_gia,tien_te,created_at,updated_at) VALUES ('BG-012','KH-012',85,'PLN',datetime('now'),datetime('now'));
INSERT OR REPLACE INTO bang_gia (id,khach_hang_id,don_gia,tien_te,created_at,updated_at) VALUES ('BG-013','KH-013',95,'PLN',datetime('now'),datetime('now'));
INSERT OR REPLACE INTO bang_gia (id,khach_hang_id,don_gia,tien_te,created_at,updated_at) VALUES ('BG-014','KH-014',100,'PLN',datetime('now'),datetime('now'));
INSERT OR REPLACE INTO bang_gia (id,khach_hang_id,don_gia,tien_te,created_at,updated_at) VALUES ('BG-015','KH-015',90,'PLN',datetime('now'),datetime('now'));
INSERT OR REPLACE INTO chuyen_xe (id,tuyen_id,xe_id,tai_xe_id,ngay_di,ngay_den,gia_chuyen,tien_te,trang_thai,da_thanh_toan,ngay_thanh_toan,so_sent_va_gt,ghi_chu,created_at,updated_at) VALUES ('F260526-50','T-001','XE-50','NV-002','2026-05-25','2026-05-26',4500,'PLN','hoan_thanh',0,'','SENT2026/0002 · CMR-FR-002','',datetime('now'),datetime('now'));
INSERT OR REPLACE INTO chuyen_xe (id,tuyen_id,xe_id,tai_xe_id,ngay_di,ngay_den,gia_chuyen,tien_te,trang_thai,da_thanh_toan,ngay_thanh_toan,so_sent_va_gt,ghi_chu,created_at,updated_at) VALUES ('W260526-47','T-003','XE-47','NV-001','2026-05-24','2026-05-26',5000,'PLN','hoan_thanh',0,'','SENT2026/0001 · CMR-IT-001','',datetime('now'),datetime('now'));
INSERT OR REPLACE INTO chuyen_xe (id,tuyen_id,xe_id,tai_xe_id,ngay_di,ngay_den,gia_chuyen,tien_te,trang_thai,da_thanh_toan,ngay_thanh_toan,so_sent_va_gt,ghi_chu,created_at,updated_at) VALUES ('F260525-50','T-001','XE-50','NV-002','2026-05-23','2026-05-25',4500,'PLN','hoan_thanh',0,'','SENT2026/0003','',datetime('now'),datetime('now'));
INSERT OR REPLACE INTO chuyen_xe (id,tuyen_id,xe_id,tai_xe_id,ngay_di,ngay_den,gia_chuyen,tien_te,trang_thai,da_thanh_toan,ngay_thanh_toan,so_sent_va_gt,ghi_chu,created_at,updated_at) VALUES ('F260524-50','T-001','XE-50','NV-002','2026-05-22','2026-05-24',4500,'PLN','hoan_thanh',1,'2026-05-25','SENT2026/0004','',datetime('now'),datetime('now'));
INSERT OR REPLACE INTO chuyen_xe (id,tuyen_id,xe_id,tai_xe_id,ngay_di,ngay_den,gia_chuyen,tien_te,trang_thai,da_thanh_toan,ngay_thanh_toan,so_sent_va_gt,ghi_chu,created_at,updated_at) VALUES ('W260524-47','T-003','XE-47','NV-001','2026-05-22','2026-05-24',5000,'PLN','hoan_thanh',0,'','SENT2026/0005','',datetime('now'),datetime('now'));
INSERT OR REPLACE INTO chuyen_xe (id,tuyen_id,xe_id,tai_xe_id,ngay_di,ngay_den,gia_chuyen,tien_te,trang_thai,da_thanh_toan,ngay_thanh_toan,so_sent_va_gt,ghi_chu,created_at,updated_at) VALUES ('W260523-46','T-003','XE-46','NV-003','2026-05-21','2026-05-23',4800,'PLN','hoan_thanh',1,'2026-05-24','SENT2026/0006','',datetime('now'),datetime('now'));
INSERT OR REPLACE INTO chuyen_xe (id,tuyen_id,xe_id,tai_xe_id,ngay_di,ngay_den,gia_chuyen,tien_te,trang_thai,da_thanh_toan,ngay_thanh_toan,so_sent_va_gt,ghi_chu,created_at,updated_at) VALUES ('W260522-46','T-003','XE-46','NV-003','2026-05-20','2026-05-22',4800,'PLN','hoan_thanh',0,'','SENT2026/0007','',datetime('now'),datetime('now'));
INSERT OR REPLACE INTO chuyen_xe (id,tuyen_id,xe_id,tai_xe_id,ngay_di,ngay_den,gia_chuyen,tien_te,trang_thai,da_thanh_toan,ngay_thanh_toan,so_sent_va_gt,ghi_chu,created_at,updated_at) VALUES ('F260522-48','T-001','XE-48','NV-004','2026-05-20','2026-05-22',4200,'PLN','hoan_thanh',1,'2026-05-23','SENT2026/0008','',datetime('now'),datetime('now'));
INSERT OR REPLACE INTO chuyen_xe (id,tuyen_id,xe_id,tai_xe_id,ngay_di,ngay_den,gia_chuyen,tien_te,trang_thai,da_thanh_toan,ngay_thanh_toan,so_sent_va_gt,ghi_chu,created_at,updated_at) VALUES ('C260520-48','T-005','XE-48','NV-004','2026-05-18','2026-05-20',5500,'PLN','hoan_thanh',0,'','SENT2026/0010 · Tiệp','',datetime('now'),datetime('now'));
INSERT OR REPLACE INTO chuyen_xe (id,tuyen_id,xe_id,tai_xe_id,ngay_di,ngay_den,gia_chuyen,tien_te,trang_thai,da_thanh_toan,ngay_thanh_toan,so_sent_va_gt,ghi_chu,created_at,updated_at) VALUES ('P260519-46','T-006','XE-46','NV-003','2026-05-18','2026-05-19',1500,'PLN','hoan_thanh',1,'2026-05-20','BL nội địa','',datetime('now'),datetime('now'));
INSERT OR REPLACE INTO chuyen_xe (id,tuyen_id,xe_id,tai_xe_id,ngay_di,ngay_den,gia_chuyen,tien_te,trang_thai,da_thanh_toan,ngay_thanh_toan,so_sent_va_gt,ghi_chu,created_at,updated_at) VALUES ('C260526-49','T-005','XE-49','NV-001','2026-05-24','2026-05-26',5500,'PLN','hoan_thanh',0,'','SENT2026/0011 · CMR-CZ-001','',datetime('now'),datetime('now'));
INSERT OR REPLACE INTO chuyen_xe (id,tuyen_id,xe_id,tai_xe_id,ngay_di,ngay_den,gia_chuyen,tien_te,trang_thai,da_thanh_toan,ngay_thanh_toan,so_sent_va_gt,ghi_chu,created_at,updated_at) VALUES ('W260526-46','T-004','XE-46','NV-003','2026-05-23','2026-05-26',5200,'PLN','hoan_thanh',0,'','SENT2026/0012 · CMR-IT-Roma','',datetime('now'),datetime('now'));
INSERT OR REPLACE INTO chuyen_xe (id,tuyen_id,xe_id,tai_xe_id,ngay_di,ngay_den,gia_chuyen,tien_te,trang_thai,da_thanh_toan,ngay_thanh_toan,so_sent_va_gt,ghi_chu,created_at,updated_at) VALUES ('F260526-47','T-002','XE-47','NV-001','2026-05-24','2026-05-26',4400,'PLN','hoan_thanh',0,'','SENT2026/0013 · Lyon','',datetime('now'),datetime('now'));
INSERT OR REPLACE INTO chuyen_xe (id,tuyen_id,xe_id,tai_xe_id,ngay_di,ngay_den,gia_chuyen,tien_te,trang_thai,da_thanh_toan,ngay_thanh_toan,so_sent_va_gt,ghi_chu,created_at,updated_at) VALUES ('P260526-48','T-006','XE-48','NV-004','2026-05-26','2026-05-26',1200,'PLN','hoan_thanh',0,'','BL nội địa Lodz','',datetime('now'),datetime('now'));
INSERT OR REPLACE INTO chuyen_xe (id,tuyen_id,xe_id,tai_xe_id,ngay_di,ngay_den,gia_chuyen,tien_te,trang_thai,da_thanh_toan,ngay_thanh_toan,so_sent_va_gt,ghi_chu,created_at,updated_at) VALUES ('W260520-50','T-003','XE-50','NV-002','2026-05-18','2026-05-20',5000,'PLN','hoan_thanh',1,'2026-05-21','SENT2026/0009','',datetime('now'),datetime('now'));
INSERT OR REPLACE INTO chuyen_xe (id,tuyen_id,xe_id,tai_xe_id,ngay_di,ngay_den,gia_chuyen,tien_te,trang_thai,da_thanh_toan,ngay_thanh_toan,so_sent_va_gt,ghi_chu,created_at,updated_at) VALUES ('F260526-49','T-001','XE-49','NV-010','2026-05-23','2026-05-26',4600,'PLN','hoan_thanh',0,'','SENT2026/0014 · Paris','',datetime('now'),datetime('now'));
INSERT OR REPLACE INTO chuyen_xe (id,tuyen_id,xe_id,tai_xe_id,ngay_di,ngay_den,gia_chuyen,tien_te,trang_thai,da_thanh_toan,ngay_thanh_toan,so_sent_va_gt,ghi_chu,created_at,updated_at) VALUES ('W260525-51','T-003','XE-51','NV-011','2026-05-22','2026-05-25',5100,'PLN','hoan_thanh',0,'','SENT2026/0015 · Prato','',datetime('now'),datetime('now'));
INSERT OR REPLACE INTO chuyen_xe (id,tuyen_id,xe_id,tai_xe_id,ngay_di,ngay_den,gia_chuyen,tien_te,trang_thai,da_thanh_toan,ngay_thanh_toan,so_sent_va_gt,ghi_chu,created_at,updated_at) VALUES ('C260524-52','T-005','XE-52','NV-014','2026-05-21','2026-05-24',5800,'PLN','hoan_thanh',0,'','SENT2026/0016 · Praha','',datetime('now'),datetime('now'));
INSERT OR REPLACE INTO chuyen_xe (id,tuyen_id,xe_id,tai_xe_id,ngay_di,ngay_den,gia_chuyen,tien_te,trang_thai,da_thanh_toan,ngay_thanh_toan,so_sent_va_gt,ghi_chu,created_at,updated_at) VALUES ('F260523-53','T-002','XE-53','NV-001','2026-05-20','2026-05-23',4500,'PLN','hoan_thanh',1,'2026-05-24','SENT2026/0017 · Lyon','',datetime('now'),datetime('now'));
INSERT OR REPLACE INTO chuyen_xe (id,tuyen_id,xe_id,tai_xe_id,ngay_di,ngay_den,gia_chuyen,tien_te,trang_thai,da_thanh_toan,ngay_thanh_toan,so_sent_va_gt,ghi_chu,created_at,updated_at) VALUES ('P260522-54','T-006','XE-54','NV-003','2026-05-22','2026-05-22',1300,'PLN','hoan_thanh',1,'2026-05-23','BL nội địa Lodz','',datetime('now'),datetime('now'));
INSERT OR REPLACE INTO chuyen_xe (id,tuyen_id,xe_id,tai_xe_id,ngay_di,ngay_den,gia_chuyen,tien_te,trang_thai,da_thanh_toan,ngay_thanh_toan,so_sent_va_gt,ghi_chu,created_at,updated_at) VALUES ('K260521-49','T-008','XE-49','NV-010','2026-05-19','2026-05-21',4200,'EUR','hoan_thanh',0,'','SENT2026/0018 · Berlin','',datetime('now'),datetime('now'));
INSERT OR REPLACE INTO chuyen_xe (id,tuyen_id,xe_id,tai_xe_id,ngay_di,ngay_den,gia_chuyen,tien_te,trang_thai,da_thanh_toan,ngay_thanh_toan,so_sent_va_gt,ghi_chu,created_at,updated_at) VALUES ('K260520-52','T-009','XE-52','NV-014','2026-05-17','2026-05-20',6500,'EUR','hoan_thanh',0,'','SENT2026/0019 · Madrid','',datetime('now'),datetime('now'));
INSERT OR REPLACE INTO lo_hang (id,chuyen_xe_id,khach_hang_id,hang_id,so_kien,da_tra_hang,ly_do_thieu,don_gia,tien_te,thanh_tien,so_tien_hang,giam_gia,nguoi_tao,nguoi_thu,tien_te_th,da_tt_ngoai_so,created_at,updated_at) VALUES ('F260526-50-001','F260526-50','KH-001','H-003',240,240,'',100,'PLN',24000,0,0,'NV-005','NV-005','PLN',0,datetime('now'),datetime('now'));
INSERT OR REPLACE INTO lo_hang (id,chuyen_xe_id,khach_hang_id,hang_id,so_kien,da_tra_hang,ly_do_thieu,don_gia,tien_te,thanh_tien,so_tien_hang,giam_gia,nguoi_tao,nguoi_thu,tien_te_th,da_tt_ngoai_so,created_at,updated_at) VALUES ('F260526-50-002','F260526-50','KH-002','H-003',128,128,'',85,'EUR',10880,5000,0,'NV-005','NV-005','EUR',0,datetime('now'),datetime('now'));
INSERT OR REPLACE INTO lo_hang (id,chuyen_xe_id,khach_hang_id,hang_id,so_kien,da_tra_hang,ly_do_thieu,don_gia,tien_te,thanh_tien,so_tien_hang,giam_gia,nguoi_tao,nguoi_thu,tien_te_th,da_tt_ngoai_so,created_at,updated_at) VALUES ('W260526-47-001','W260526-47','KH-001','H-001',182,182,'',100,'PLN',18200,0,200,'NV-005','NV-005','PLN',0,datetime('now'),datetime('now'));
INSERT OR REPLACE INTO lo_hang (id,chuyen_xe_id,khach_hang_id,hang_id,so_kien,da_tra_hang,ly_do_thieu,don_gia,tien_te,thanh_tien,so_tien_hang,giam_gia,nguoi_tao,nguoi_thu,tien_te_th,da_tt_ngoai_so,created_at,updated_at) VALUES ('W260526-47-002','W260526-47','KH-002','H-002',76,72,'Khách chưa lấy 4 kiện',80,'PLN',6080,0,0,'NV-009','NV-005','PLN',0,datetime('now'),datetime('now'));
INSERT OR REPLACE INTO lo_hang (id,chuyen_xe_id,khach_hang_id,hang_id,so_kien,da_tra_hang,ly_do_thieu,don_gia,tien_te,thanh_tien,so_tien_hang,giam_gia,nguoi_tao,nguoi_thu,tien_te_th,da_tt_ngoai_so,created_at,updated_at) VALUES ('F260525-50-001','F260525-50','KH-004','H-004',95,93,'Hãng thiếu 2 kiện',80,'PLN',7600,12000,0,'NV-009','NV-005','PLN',0,datetime('now'),datetime('now'));
INSERT OR REPLACE INTO lo_hang (id,chuyen_xe_id,khach_hang_id,hang_id,so_kien,da_tra_hang,ly_do_thieu,don_gia,tien_te,thanh_tien,so_tien_hang,giam_gia,nguoi_tao,nguoi_thu,tien_te_th,da_tt_ngoai_so,created_at,updated_at) VALUES ('F260524-50-001','F260524-50','KH-001','H-001',149,149,'',100,'PLN',14900,0,0,'NV-005','NV-005','PLN',0,datetime('now'),datetime('now'));
INSERT OR REPLACE INTO lo_hang (id,chuyen_xe_id,khach_hang_id,hang_id,so_kien,da_tra_hang,ly_do_thieu,don_gia,tien_te,thanh_tien,so_tien_hang,giam_gia,nguoi_tao,nguoi_thu,tien_te_th,da_tt_ngoai_so,created_at,updated_at) VALUES ('W260524-47-001','W260524-47','KH-002','H-002',320,200,'Đang chia',40,'PLN',12800,0,0,'NV-005','NV-005','PLN',0,datetime('now'),datetime('now'));
INSERT OR REPLACE INTO lo_hang (id,chuyen_xe_id,khach_hang_id,hang_id,so_kien,da_tra_hang,ly_do_thieu,don_gia,tien_te,thanh_tien,so_tien_hang,giam_gia,nguoi_tao,nguoi_thu,tien_te_th,da_tt_ngoai_so,created_at,updated_at) VALUES ('W260523-46-001','W260523-46','KH-001','H-001',204,204,'',100,'PLN',20400,0,0,'NV-005','NV-005','PLN',0,datetime('now'),datetime('now'));
INSERT OR REPLACE INTO lo_hang (id,chuyen_xe_id,khach_hang_id,hang_id,so_kien,da_tra_hang,ly_do_thieu,don_gia,tien_te,thanh_tien,so_tien_hang,giam_gia,nguoi_tao,nguoi_thu,tien_te_th,da_tt_ngoai_so,created_at,updated_at) VALUES ('W260523-46-002','W260523-46','KH-005','H-003',110,110,'',100,'PLN',11000,0,0,'NV-005','NV-005','PLN',0,datetime('now'),datetime('now'));
INSERT OR REPLACE INTO lo_hang (id,chuyen_xe_id,khach_hang_id,hang_id,so_kien,da_tra_hang,ly_do_thieu,don_gia,tien_te,thanh_tien,so_tien_hang,giam_gia,nguoi_tao,nguoi_thu,tien_te_th,da_tt_ngoai_so,created_at,updated_at) VALUES ('W260522-46-001','W260522-46','KH-003','H-001',111,111,'',100,'PLN',11100,0,0,'NV-005','NV-005','PLN',0,datetime('now'),datetime('now'));
INSERT OR REPLACE INTO lo_hang (id,chuyen_xe_id,khach_hang_id,hang_id,so_kien,da_tra_hang,ly_do_thieu,don_gia,tien_te,thanh_tien,so_tien_hang,giam_gia,nguoi_tao,nguoi_thu,tien_te_th,da_tt_ngoai_so,created_at,updated_at) VALUES ('F260522-48-001','F260522-48','KH-001','H-001',175,175,'',100,'PLN',17500,0,0,'NV-005','NV-005','PLN',0,datetime('now'),datetime('now'));
INSERT OR REPLACE INTO lo_hang (id,chuyen_xe_id,khach_hang_id,hang_id,so_kien,da_tra_hang,ly_do_thieu,don_gia,tien_te,thanh_tien,so_tien_hang,giam_gia,nguoi_tao,nguoi_thu,tien_te_th,da_tt_ngoai_so,created_at,updated_at) VALUES ('C260520-48-001','C260520-48','KH-004','H-005',220,100,'Khách lấy dần',80,'PLN',17600,8000,0,'NV-005','NV-005','PLN',0,datetime('now'),datetime('now'));
INSERT OR REPLACE INTO lo_hang (id,chuyen_xe_id,khach_hang_id,hang_id,so_kien,da_tra_hang,ly_do_thieu,don_gia,tien_te,thanh_tien,so_tien_hang,giam_gia,nguoi_tao,nguoi_thu,tien_te_th,da_tt_ngoai_so,created_at,updated_at) VALUES ('P260519-46-001','P260519-46','KH-005','H-001',50,50,'',0,'PLN',1800,0,0,'NV-009','NV-005','PLN',0,datetime('now'),datetime('now'));
INSERT OR REPLACE INTO lo_hang (id,chuyen_xe_id,khach_hang_id,hang_id,so_kien,da_tra_hang,ly_do_thieu,don_gia,tien_te,thanh_tien,so_tien_hang,giam_gia,nguoi_tao,nguoi_thu,tien_te_th,da_tt_ngoai_so,created_at,updated_at) VALUES ('C260526-49-001','C260526-49','KH-001','H-005',80,80,'',120,'PLN',9600,15000,0,'NV-005','NV-005','PLN',0,datetime('now'),datetime('now'));
INSERT OR REPLACE INTO lo_hang (id,chuyen_xe_id,khach_hang_id,hang_id,so_kien,da_tra_hang,ly_do_thieu,don_gia,tien_te,thanh_tien,so_tien_hang,giam_gia,nguoi_tao,nguoi_thu,tien_te_th,da_tt_ngoai_so,created_at,updated_at) VALUES ('P260526-48-001','P260526-48','KH-001','H-001',30,30,'',50,'PLN',1500,0,0,'NV-009','NV-005','PLN',0,datetime('now'),datetime('now'));
INSERT OR REPLACE INTO lo_hang (id,chuyen_xe_id,khach_hang_id,hang_id,so_kien,da_tra_hang,ly_do_thieu,don_gia,tien_te,thanh_tien,so_tien_hang,giam_gia,nguoi_tao,nguoi_thu,tien_te_th,da_tt_ngoai_so,created_at,updated_at) VALUES ('C260526-49-002','C260526-49','KH-002','H-004',60,60,'',30,'USD',1800,0,0,'NV-005','NV-005','USD',0,datetime('now'),datetime('now'));
INSERT OR REPLACE INTO lo_hang (id,chuyen_xe_id,khach_hang_id,hang_id,so_kien,da_tra_hang,ly_do_thieu,don_gia,tien_te,thanh_tien,so_tien_hang,giam_gia,nguoi_tao,nguoi_thu,tien_te_th,da_tt_ngoai_so,created_at,updated_at) VALUES ('W260526-46-001','W260526-46','KH-002','H-002',90,80,'10 kiện chưa lấy',75,'EUR',6750,0,50,'NV-005','NV-005','EUR',0,datetime('now'),datetime('now'));
INSERT OR REPLACE INTO lo_hang (id,chuyen_xe_id,khach_hang_id,hang_id,so_kien,da_tra_hang,ly_do_thieu,don_gia,tien_te,thanh_tien,so_tien_hang,giam_gia,nguoi_tao,nguoi_thu,tien_te_th,da_tt_ngoai_so,created_at,updated_at) VALUES ('F260526-47-001','F260526-47','KH-003','H-001',120,120,'',90,'PLN',10800,5500,0,'NV-005','NV-005','PLN',0,datetime('now'),datetime('now'));
INSERT OR REPLACE INTO lo_hang (id,chuyen_xe_id,khach_hang_id,hang_id,so_kien,da_tra_hang,ly_do_thieu,don_gia,tien_te,thanh_tien,so_tien_hang,giam_gia,nguoi_tao,nguoi_thu,tien_te_th,da_tt_ngoai_so,created_at,updated_at) VALUES ('P260526-48-002','P260526-48','KH-003','H-001',25,25,'',60,'PLN',1500,0,0,'NV-009','NV-005','PLN',0,datetime('now'),datetime('now'));
INSERT OR REPLACE INTO lo_hang (id,chuyen_xe_id,khach_hang_id,hang_id,so_kien,da_tra_hang,ly_do_thieu,don_gia,tien_te,thanh_tien,so_tien_hang,giam_gia,nguoi_tao,nguoi_thu,tien_te_th,da_tt_ngoai_so,created_at,updated_at) VALUES ('W260526-46-002','W260526-46','KH-003','H-002',55,55,'',100,'PLN',5500,0,0,'NV-005','NV-005','PLN',0,datetime('now'),datetime('now'));
INSERT OR REPLACE INTO lo_hang (id,chuyen_xe_id,khach_hang_id,hang_id,so_kien,da_tra_hang,ly_do_thieu,don_gia,tien_te,thanh_tien,so_tien_hang,giam_gia,nguoi_tao,nguoi_thu,tien_te_th,da_tt_ngoai_so,created_at,updated_at) VALUES ('W260520-50-001','W260520-50','KH-004','H-005',140,140,'',80,'PLN',11200,6000,0,'NV-005','NV-005','PLN',0,datetime('now'),datetime('now'));
INSERT OR REPLACE INTO lo_hang (id,chuyen_xe_id,khach_hang_id,hang_id,so_kien,da_tra_hang,ly_do_thieu,don_gia,tien_te,thanh_tien,so_tien_hang,giam_gia,nguoi_tao,nguoi_thu,tien_te_th,da_tt_ngoai_so,created_at,updated_at) VALUES ('F260526-47-002','F260526-47','KH-005','H-003',200,200,'',90,'PLN',18000,25000,0,'NV-005','NV-005','PLN',0,datetime('now'),datetime('now'));
INSERT OR REPLACE INTO lo_hang (id,chuyen_xe_id,khach_hang_id,hang_id,so_kien,da_tra_hang,ly_do_thieu,don_gia,tien_te,thanh_tien,so_tien_hang,giam_gia,nguoi_tao,nguoi_thu,tien_te_th,da_tt_ngoai_so,created_at,updated_at) VALUES ('C260526-49-003','C260526-49','KH-005','H-005',45,45,'',120,'PLN',5400,0,0,'NV-005','NV-005','PLN',0,datetime('now'),datetime('now'));
INSERT OR REPLACE INTO lo_hang (id,chuyen_xe_id,khach_hang_id,hang_id,so_kien,da_tra_hang,ly_do_thieu,don_gia,tien_te,thanh_tien,so_tien_hang,giam_gia,nguoi_tao,nguoi_thu,tien_te_th,da_tt_ngoai_so,created_at,updated_at) VALUES ('F260526-50-003','F260526-50','KH-005','H-001',65,60,'5 kiện chưa lấy',85,'PLN',5525,0,25,'NV-005','NV-005','PLN',0,datetime('now'),datetime('now'));
INSERT OR REPLACE INTO lo_hang (id,chuyen_xe_id,khach_hang_id,hang_id,so_kien,da_tra_hang,ly_do_thieu,don_gia,tien_te,thanh_tien,so_tien_hang,giam_gia,nguoi_tao,nguoi_thu,tien_te_th,da_tt_ngoai_so,created_at,updated_at) VALUES ('F260526-49-001','F260526-49','KH-006','H-007',150,150,'',90,'PLN',13500,8000,0,'NV-005','NV-005','PLN',0,datetime('now'),datetime('now'));
INSERT OR REPLACE INTO lo_hang (id,chuyen_xe_id,khach_hang_id,hang_id,so_kien,da_tra_hang,ly_do_thieu,don_gia,tien_te,thanh_tien,so_tien_hang,giam_gia,nguoi_tao,nguoi_thu,tien_te_th,da_tt_ngoai_so,created_at,updated_at) VALUES ('W260525-51-001','W260525-51','KH-006','H-006',80,80,'',90,'PLN',7200,0,0,'NV-005','NV-005','PLN',0,datetime('now'),datetime('now'));
INSERT OR REPLACE INTO lo_hang (id,chuyen_xe_id,khach_hang_id,hang_id,so_kien,da_tra_hang,ly_do_thieu,don_gia,tien_te,thanh_tien,so_tien_hang,giam_gia,nguoi_tao,nguoi_thu,tien_te_th,da_tt_ngoai_so,created_at,updated_at) VALUES ('C260524-52-001','C260524-52','KH-006','H-009',100,90,'10 kiện chờ',100,'PLN',10000,6000,0,'NV-005','NV-005','PLN',0,datetime('now'),datetime('now'));
INSERT OR REPLACE INTO lo_hang (id,chuyen_xe_id,khach_hang_id,hang_id,so_kien,da_tra_hang,ly_do_thieu,don_gia,tien_te,thanh_tien,so_tien_hang,giam_gia,nguoi_tao,nguoi_thu,tien_te_th,da_tt_ngoai_so,created_at,updated_at) VALUES ('F260523-53-001','F260523-53','KH-007','H-008',200,200,'',95,'PLN',19000,0,200,'NV-005','NV-005','PLN',0,datetime('now'),datetime('now'));
INSERT OR REPLACE INTO lo_hang (id,chuyen_xe_id,khach_hang_id,hang_id,so_kien,da_tra_hang,ly_do_thieu,don_gia,tien_te,thanh_tien,so_tien_hang,giam_gia,nguoi_tao,nguoi_thu,tien_te_th,da_tt_ngoai_so,created_at,updated_at) VALUES ('W260525-51-002','W260525-51','KH-007','H-001',110,110,'',95,'PLN',10450,5000,0,'NV-005','NV-005','PLN',0,datetime('now'),datetime('now'));
INSERT OR REPLACE INTO lo_hang (id,chuyen_xe_id,khach_hang_id,hang_id,so_kien,da_tra_hang,ly_do_thieu,don_gia,tien_te,thanh_tien,so_tien_hang,giam_gia,nguoi_tao,nguoi_thu,tien_te_th,da_tt_ngoai_so,created_at,updated_at) VALUES ('F260526-49-002','F260526-49','KH-008','H-003',120,120,'',85,'PLN',10200,0,0,'NV-005','NV-005','PLN',0,datetime('now'),datetime('now'));
INSERT OR REPLACE INTO lo_hang (id,chuyen_xe_id,khach_hang_id,hang_id,so_kien,da_tra_hang,ly_do_thieu,don_gia,tien_te,thanh_tien,so_tien_hang,giam_gia,nguoi_tao,nguoi_thu,tien_te_th,da_tt_ngoai_so,created_at,updated_at) VALUES ('C260524-52-002','C260524-52','KH-008','H-005',60,60,'',85,'PLN',5100,3500,0,'NV-005','NV-005','PLN',0,datetime('now'),datetime('now'));
INSERT OR REPLACE INTO lo_hang (id,chuyen_xe_id,khach_hang_id,hang_id,so_kien,da_tra_hang,ly_do_thieu,don_gia,tien_te,thanh_tien,so_tien_hang,giam_gia,nguoi_tao,nguoi_thu,tien_te_th,da_tt_ngoai_so,created_at,updated_at) VALUES ('W260525-51-003','W260525-51','KH-009','H-002',95,95,'',100,'PLN',9500,0,0,'NV-005','NV-005','PLN',0,datetime('now'),datetime('now'));
INSERT OR REPLACE INTO lo_hang (id,chuyen_xe_id,khach_hang_id,hang_id,so_kien,da_tra_hang,ly_do_thieu,don_gia,tien_te,thanh_tien,so_tien_hang,giam_gia,nguoi_tao,nguoi_thu,tien_te_th,da_tt_ngoai_so,created_at,updated_at) VALUES ('F260523-53-002','F260523-53','KH-009','H-007',75,75,'',100,'PLN',7500,4000,0,'NV-009','NV-005','PLN',0,datetime('now'),datetime('now'));
INSERT OR REPLACE INTO lo_hang (id,chuyen_xe_id,khach_hang_id,hang_id,so_kien,da_tra_hang,ly_do_thieu,don_gia,tien_te,thanh_tien,so_tien_hang,giam_gia,nguoi_tao,nguoi_thu,tien_te_th,da_tt_ngoai_so,created_at,updated_at) VALUES ('K260521-49-001','K260521-49','KH-010','H-007',180,180,'',80,'EUR',14400,0,0,'NV-005','NV-005','EUR',0,datetime('now'),datetime('now'));
INSERT OR REPLACE INTO lo_hang (id,chuyen_xe_id,khach_hang_id,hang_id,so_kien,da_tra_hang,ly_do_thieu,don_gia,tien_te,thanh_tien,so_tien_hang,giam_gia,nguoi_tao,nguoi_thu,tien_te_th,da_tt_ngoai_so,created_at,updated_at) VALUES ('K260520-52-001','K260520-52','KH-010','H-008',90,90,'',80,'EUR',7200,5000,0,'NV-005','NV-005','EUR',0,datetime('now'),datetime('now'));
INSERT OR REPLACE INTO lo_hang (id,chuyen_xe_id,khach_hang_id,hang_id,so_kien,da_tra_hang,ly_do_thieu,don_gia,tien_te,thanh_tien,so_tien_hang,giam_gia,nguoi_tao,nguoi_thu,tien_te_th,da_tt_ngoai_so,created_at,updated_at) VALUES ('F260526-49-003','F260526-49','KH-011','H-003',140,140,'',90,'PLN',12600,7000,0,'NV-005','NV-005','PLN',0,datetime('now'),datetime('now'));
INSERT OR REPLACE INTO lo_hang (id,chuyen_xe_id,khach_hang_id,hang_id,so_kien,da_tra_hang,ly_do_thieu,don_gia,tien_te,thanh_tien,so_tien_hang,giam_gia,nguoi_tao,nguoi_thu,tien_te_th,da_tt_ngoai_so,created_at,updated_at) VALUES ('W260525-51-004','W260525-51','KH-011','H-001',70,70,'',90,'PLN',6300,0,0,'NV-005','NV-005','PLN',0,datetime('now'),datetime('now'));
INSERT OR REPLACE INTO lo_hang (id,chuyen_xe_id,khach_hang_id,hang_id,so_kien,da_tra_hang,ly_do_thieu,don_gia,tien_te,thanh_tien,so_tien_hang,giam_gia,nguoi_tao,nguoi_thu,tien_te_th,da_tt_ngoai_so,created_at,updated_at) VALUES ('C260524-52-003','C260524-52','KH-011','H-005',50,50,'',90,'PLN',4500,2500,0,'NV-005','NV-005','PLN',0,datetime('now'),datetime('now'));
INSERT OR REPLACE INTO lo_hang (id,chuyen_xe_id,khach_hang_id,hang_id,so_kien,da_tra_hang,ly_do_thieu,don_gia,tien_te,thanh_tien,so_tien_hang,giam_gia,nguoi_tao,nguoi_thu,tien_te_th,da_tt_ngoai_so,created_at,updated_at) VALUES ('P260522-54-001','P260522-54','KH-012','H-001',40,40,'',50,'PLN',2000,0,0,'NV-009','NV-005','PLN',0,datetime('now'),datetime('now'));
INSERT OR REPLACE INTO lo_hang (id,chuyen_xe_id,khach_hang_id,hang_id,so_kien,da_tra_hang,ly_do_thieu,don_gia,tien_te,thanh_tien,so_tien_hang,giam_gia,nguoi_tao,nguoi_thu,tien_te_th,da_tt_ngoai_so,created_at,updated_at) VALUES ('W260525-51-005','W260525-51','KH-012','H-006',85,85,'',85,'PLN',7225,0,0,'NV-005','NV-005','PLN',0,datetime('now'),datetime('now'));
INSERT OR REPLACE INTO lo_hang (id,chuyen_xe_id,khach_hang_id,hang_id,so_kien,da_tra_hang,ly_do_thieu,don_gia,tien_te,thanh_tien,so_tien_hang,giam_gia,nguoi_tao,nguoi_thu,tien_te_th,da_tt_ngoai_so,created_at,updated_at) VALUES ('F260523-53-003','F260523-53','KH-013','H-008',160,160,'',95,'PLN',15200,9000,0,'NV-005','NV-005','PLN',0,datetime('now'),datetime('now'));
INSERT OR REPLACE INTO lo_hang (id,chuyen_xe_id,khach_hang_id,hang_id,so_kien,da_tra_hang,ly_do_thieu,don_gia,tien_te,thanh_tien,so_tien_hang,giam_gia,nguoi_tao,nguoi_thu,tien_te_th,da_tt_ngoai_so,created_at,updated_at) VALUES ('C260524-52-004','C260524-52','KH-013','H-009',75,75,'',95,'PLN',7125,4500,0,'NV-005','NV-005','PLN',0,datetime('now'),datetime('now'));
INSERT OR REPLACE INTO lo_hang (id,chuyen_xe_id,khach_hang_id,hang_id,so_kien,da_tra_hang,ly_do_thieu,don_gia,tien_te,thanh_tien,so_tien_hang,giam_gia,nguoi_tao,nguoi_thu,tien_te_th,da_tt_ngoai_so,created_at,updated_at) VALUES ('W260525-51-006','W260525-51','KH-013','H-010',55,55,'',95,'PLN',5225,0,0,'NV-005','NV-005','PLN',0,datetime('now'),datetime('now'));
INSERT OR REPLACE INTO lo_hang (id,chuyen_xe_id,khach_hang_id,hang_id,so_kien,da_tra_hang,ly_do_thieu,don_gia,tien_te,thanh_tien,so_tien_hang,giam_gia,nguoi_tao,nguoi_thu,tien_te_th,da_tt_ngoai_so,created_at,updated_at) VALUES ('F260526-49-004','F260526-49','KH-014','H-007',130,120,'10 kiện chưa lấy',100,'PLN',13000,6500,0,'NV-005','NV-005','PLN',0,datetime('now'),datetime('now'));
INSERT OR REPLACE INTO lo_hang (id,chuyen_xe_id,khach_hang_id,hang_id,so_kien,da_tra_hang,ly_do_thieu,don_gia,tien_te,thanh_tien,so_tien_hang,giam_gia,nguoi_tao,nguoi_thu,tien_te_th,da_tt_ngoai_so,created_at,updated_at) VALUES ('P260522-54-002','P260522-54','KH-014','H-001',35,35,'',60,'PLN',2100,0,0,'NV-009','NV-005','PLN',0,datetime('now'),datetime('now'));
INSERT OR REPLACE INTO lo_hang (id,chuyen_xe_id,khach_hang_id,hang_id,so_kien,da_tra_hang,ly_do_thieu,don_gia,tien_te,thanh_tien,so_tien_hang,giam_gia,nguoi_tao,nguoi_thu,tien_te_th,da_tt_ngoai_so,created_at,updated_at) VALUES ('C260524-52-005','C260524-52','KH-015','H-005',90,90,'',90,'PLN',8100,5000,0,'NV-005','NV-005','PLN',0,datetime('now'),datetime('now'));
INSERT OR REPLACE INTO lo_hang (id,chuyen_xe_id,khach_hang_id,hang_id,so_kien,da_tra_hang,ly_do_thieu,don_gia,tien_te,thanh_tien,so_tien_hang,giam_gia,nguoi_tao,nguoi_thu,tien_te_th,da_tt_ngoai_so,created_at,updated_at) VALUES ('W260525-51-007','W260525-51','KH-015','H-002',65,65,'',90,'PLN',5850,0,0,'NV-005','NV-005','PLN',0,datetime('now'),datetime('now'));
INSERT OR REPLACE INTO phieu_thu (id,ngay,khach_hang_id,dau_muc,kieu_qt,loai_tien,lo_ids,so_tien,tien_te,hinh_thuc,ghi_chu,nguoi_nhap,gio,created_at) VALUES ('PT-001','2026-05-26','KH-001','Vận tải Ý','trahet','vantai','["W260526-47-001"]',18000,'PLN','CK','','NV-005','08:30',datetime('now'));
INSERT OR REPLACE INTO phieu_thu (id,ngay,khach_hang_id,dau_muc,kieu_qt,loai_tien,lo_ids,so_tien,tien_te,hinh_thuc,ghi_chu,nguoi_nhap,gio,created_at) VALUES ('PT-002','2026-05-26','KH-003','Vận tải Ý','trahet','vantai','["W260522-46-001"]',11100,'PLN','TM','Trả phiếu W-003-0001','NV-005','09:15',datetime('now'));
INSERT OR REPLACE INTO phieu_thu (id,ngay,khach_hang_id,dau_muc,kieu_qt,loai_tien,lo_ids,so_tien,tien_te,hinh_thuc,ghi_chu,nguoi_nhap,gio,created_at) VALUES ('PT-003','2026-05-26','KH-002','Vận tải Pháp','trahet','vantai','["F260526-50-002"]',10880,'EUR','CK','','NV-005','09:40',datetime('now'));
INSERT OR REPLACE INTO phieu_thu (id,ngay,khach_hang_id,dau_muc,kieu_qt,loai_tien,lo_ids,so_tien,tien_te,hinh_thuc,ghi_chu,nguoi_nhap,gio,created_at) VALUES ('PT-004','2026-05-26','KH-001','Vận tải Pháp','trahet','vantai','["F260524-50-001","F260522-48-001"]',32400,'PLN','CK','Trả gộp 2 phiếu','NV-005','10:00',datetime('now'));
INSERT OR REPLACE INTO phieu_thu (id,ngay,khach_hang_id,dau_muc,kieu_qt,loai_tien,lo_ids,so_tien,tien_te,hinh_thuc,ghi_chu,nguoi_nhap,gio,created_at) VALUES ('PT-005','2026-05-26','KH-001','Vận tải Ý','trahet','vantai','["W260523-46-001"]',20400,'PLN','CK','','NV-005','10:10',datetime('now'));
INSERT OR REPLACE INTO phieu_thu (id,ngay,khach_hang_id,dau_muc,kieu_qt,loai_tien,lo_ids,so_tien,tien_te,hinh_thuc,ghi_chu,nguoi_nhap,gio,created_at) VALUES ('PT-006','2026-05-25','KH-005','Vận tải Ý','trahet','vantai','["W260523-46-002"]',11000,'PLN','TM','','NV-005','14:00',datetime('now'));
INSERT OR REPLACE INTO phieu_thu (id,ngay,khach_hang_id,dau_muc,kieu_qt,loai_tien,lo_ids,so_tien,tien_te,hinh_thuc,ghi_chu,nguoi_nhap,gio,created_at) VALUES ('PT-007','2026-05-26','KH-001','Vận tải Pháp','ung','vantai','[]',5000,'PLN','TM','Khách ứng','NV-006','15:00',datetime('now'));
INSERT OR REPLACE INTO phieu_thu (id,ngay,khach_hang_id,dau_muc,kieu_qt,loai_tien,lo_ids,so_tien,tien_te,hinh_thuc,ghi_chu,nguoi_nhap,gio,created_at) VALUES ('PT-008','2026-05-26','KH-002','Vận tải Pháp','trahet','tienhang','["F260526-50-002"]',5000,'EUR','CK','Trả tiền hàng','NV-005','11:00',datetime('now'));
INSERT OR REPLACE INTO phieu_thu (id,ngay,khach_hang_id,dau_muc,kieu_qt,loai_tien,lo_ids,so_tien,tien_te,hinh_thuc,ghi_chu,nguoi_nhap,gio,created_at) VALUES ('PT-009','2026-05-26','KH-001','Vận tải Pháp','trahet','vantai','["F260526-50-001"]',5000,'PLN','CK','Trả 1 phần F-001-0001 (còn 19k)','NV-005','11:30',datetime('now'));
INSERT OR REPLACE INTO phieu_thu (id,ngay,khach_hang_id,dau_muc,kieu_qt,loai_tien,lo_ids,so_tien,tien_te,hinh_thuc,ghi_chu,nguoi_nhap,gio,created_at) VALUES ('PT-010','2026-05-26','KH-001','Vận tải Tiệp','trahet','vantai','["C260526-49-001"]',9600,'PLN','CK','Trả VT Tiệp','NV-005','13:00',datetime('now'));
INSERT OR REPLACE INTO phieu_thu (id,ngay,khach_hang_id,dau_muc,kieu_qt,loai_tien,lo_ids,so_tien,tien_te,hinh_thuc,ghi_chu,nguoi_nhap,gio,created_at) VALUES ('PT-011','2026-05-26','KH-001','Vận tải Tiệp','trahet','tienhang','["C260526-49-001"]',10000,'PLN','CK','Trả TH Tiệp 1 phần (còn 5k)','NV-005','13:05',datetime('now'));
INSERT OR REPLACE INTO phieu_thu (id,ngay,khach_hang_id,dau_muc,kieu_qt,loai_tien,lo_ids,so_tien,tien_te,hinh_thuc,ghi_chu,nguoi_nhap,gio,created_at) VALUES ('PT-012','2026-05-26','KH-002','Vận tải Ý','trahet','vantai','["W260526-47-002"]',6080,'PLN','CK','Trả hết W-002-0001','NV-005','14:00',datetime('now'));
INSERT OR REPLACE INTO phieu_thu (id,ngay,khach_hang_id,dau_muc,kieu_qt,loai_tien,lo_ids,so_tien,tien_te,hinh_thuc,ghi_chu,nguoi_nhap,gio,created_at) VALUES ('PT-013','2026-05-26','KH-002','Vận tải Tiệp','trahet','vantai','["C260526-49-002"]',1800,'USD','CK','Trả USD Tiệp','NV-005','14:30',datetime('now'));
INSERT OR REPLACE INTO phieu_thu (id,ngay,khach_hang_id,dau_muc,kieu_qt,loai_tien,lo_ids,so_tien,tien_te,hinh_thuc,ghi_chu,nguoi_nhap,gio,created_at) VALUES ('PT-014','2026-05-26','KH-002','Vận tải Ý','trahet','vantai','["W260526-46-001"]',3000,'EUR','CK','Trả 1 phần Ý EUR (còn 3700)','NV-005','15:00',datetime('now'));
INSERT OR REPLACE INTO phieu_thu (id,ngay,khach_hang_id,dau_muc,kieu_qt,loai_tien,lo_ids,so_tien,tien_te,hinh_thuc,ghi_chu,nguoi_nhap,gio,created_at) VALUES ('PT-015','2026-05-26','KH-002','Vận tải Balan','trahet','vantai','[]',500,'PLN','TM','⚠ MISMATCH: dauMuc Balan nhưng KH-002 không có phiếu Balan','NV-005','15:30',datetime('now'));
INSERT OR REPLACE INTO phieu_thu (id,ngay,khach_hang_id,dau_muc,kieu_qt,loai_tien,lo_ids,so_tien,tien_te,hinh_thuc,ghi_chu,nguoi_nhap,gio,created_at) VALUES ('PT-016','2026-05-26','KH-003','Vận tải Pháp','trahet','vantai','["F260526-47-001"]',10800,'PLN','CK','Trả VT Pháp F-003-0001','NV-005','16:00',datetime('now'));
INSERT OR REPLACE INTO phieu_thu (id,ngay,khach_hang_id,dau_muc,kieu_qt,loai_tien,lo_ids,so_tien,tien_te,hinh_thuc,ghi_chu,nguoi_nhap,gio,created_at) VALUES ('PT-017','2026-05-26','KH-003','Vận tải Pháp','trahet','tienhang','["F260526-47-001"]',5500,'PLN','CK','Trả TH Pháp F-003-0001','NV-005','16:05',datetime('now'));
INSERT OR REPLACE INTO phieu_thu (id,ngay,khach_hang_id,dau_muc,kieu_qt,loai_tien,lo_ids,so_tien,tien_te,hinh_thuc,ghi_chu,nguoi_nhap,gio,created_at) VALUES ('PT-018','2026-05-26','KH-003','Vận tải Tiệp','ung','vantai','[]',3000,'PLN','TM','KH ứng trước cho chuyến Tiệp tuần sau','NV-005','16:30',datetime('now'));
INSERT OR REPLACE INTO phieu_thu (id,ngay,khach_hang_id,dau_muc,kieu_qt,loai_tien,lo_ids,so_tien,tien_te,hinh_thuc,ghi_chu,nguoi_nhap,gio,created_at) VALUES ('PT-019','2026-05-26','KH-004','Vận tải Pháp','trahet','vantai','["F260525-50-001"]',3000,'PLN','CK','Trả 1 phần VT Pháp (còn 4600)','NV-005','17:00',datetime('now'));
INSERT OR REPLACE INTO phieu_thu (id,ngay,khach_hang_id,dau_muc,kieu_qt,loai_tien,lo_ids,so_tien,tien_te,hinh_thuc,ghi_chu,nguoi_nhap,gio,created_at) VALUES ('PT-020','2026-05-26','KH-004','Vận tải Tiệp','trahet','tienhang','["C260520-48-001"]',5000,'PLN','TM','Trả 1 phần TH Tiệp (còn 3000)','NV-005','17:30',datetime('now'));
INSERT OR REPLACE INTO phieu_thu (id,ngay,khach_hang_id,dau_muc,kieu_qt,loai_tien,lo_ids,so_tien,tien_te,hinh_thuc,ghi_chu,nguoi_nhap,gio,created_at) VALUES ('PT-021','2026-05-26','KH-005','Vận tải Pháp','trahet','vantai','["F260526-47-002","F260526-50-003"]',23525,'PLN','CK','Trả gộp VT Pháp 2 phiếu','NV-005','18:00',datetime('now'));
INSERT OR REPLACE INTO phieu_thu (id,ngay,khach_hang_id,dau_muc,kieu_qt,loai_tien,lo_ids,so_tien,tien_te,hinh_thuc,ghi_chu,nguoi_nhap,gio,created_at) VALUES ('PT-022','2026-05-26','KH-005','Vận tải Pháp','trahet','tienhang','["F260526-47-002"]',20000,'PLN','CK','Trả 1 phần TH Pháp 25k (còn 5k)','NV-005','18:05',datetime('now'));
INSERT OR REPLACE INTO phieu_thu (id,ngay,khach_hang_id,dau_muc,kieu_qt,loai_tien,lo_ids,so_tien,tien_te,hinh_thuc,ghi_chu,nguoi_nhap,gio,created_at) VALUES ('PT-023','2026-05-26','KH-005','Vận tải Balan','ung','vantai','[]',2000,'PLN','TM','KH ứng trước','NV-005','18:30',datetime('now'));
INSERT OR REPLACE INTO phieu_thu (id,ngay,khach_hang_id,dau_muc,kieu_qt,loai_tien,lo_ids,so_tien,tien_te,hinh_thuc,ghi_chu,nguoi_nhap,gio,created_at) VALUES ('PT-024','2026-05-26','KH-006','Vận tải Pháp','trahet','vantai','["F260526-49-001"]',13500,'PLN','CK','Trả VT Pháp','NV-005','09:00',datetime('now'));
INSERT OR REPLACE INTO phieu_thu (id,ngay,khach_hang_id,dau_muc,kieu_qt,loai_tien,lo_ids,so_tien,tien_te,hinh_thuc,ghi_chu,nguoi_nhap,gio,created_at) VALUES ('PT-025','2026-05-26','KH-006','Vận tải Pháp','trahet','tienhang','["F260526-49-001"]',8000,'PLN','CK','Trả TH Pháp','NV-005','09:05',datetime('now'));
INSERT OR REPLACE INTO phieu_thu (id,ngay,khach_hang_id,dau_muc,kieu_qt,loai_tien,lo_ids,so_tien,tien_te,hinh_thuc,ghi_chu,nguoi_nhap,gio,created_at) VALUES ('PT-026','2026-05-26','KH-006','Vận tải Ý','trahet','vantai','["W260525-51-001"]',7200,'PLN','TM','','NV-005','09:30',datetime('now'));
INSERT OR REPLACE INTO phieu_thu (id,ngay,khach_hang_id,dau_muc,kieu_qt,loai_tien,lo_ids,so_tien,tien_te,hinh_thuc,ghi_chu,nguoi_nhap,gio,created_at) VALUES ('PT-027','2026-05-26','KH-007','Vận tải Pháp','trahet','vantai','["F260523-53-001"]',19000,'PLN','CK','Trả hết Pháp','NV-005','10:00',datetime('now'));
INSERT OR REPLACE INTO phieu_thu (id,ngay,khach_hang_id,dau_muc,kieu_qt,loai_tien,lo_ids,so_tien,tien_te,hinh_thuc,ghi_chu,nguoi_nhap,gio,created_at) VALUES ('PT-028','2026-05-26','KH-008','Vận tải Pháp','trahet','vantai','["F260526-49-002"]',5000,'PLN','TM','Trả 1 phần Pháp (còn 5200)','NV-005','10:30',datetime('now'));
INSERT OR REPLACE INTO phieu_thu (id,ngay,khach_hang_id,dau_muc,kieu_qt,loai_tien,lo_ids,so_tien,tien_te,hinh_thuc,ghi_chu,nguoi_nhap,gio,created_at) VALUES ('PT-029','2026-05-26','KH-009','Vận tải Ý','ung','vantai','[]',5000,'PLN','TM','KH mới ứng trước','NV-005','11:00',datetime('now'));
INSERT OR REPLACE INTO phieu_thu (id,ngay,khach_hang_id,dau_muc,kieu_qt,loai_tien,lo_ids,so_tien,tien_te,hinh_thuc,ghi_chu,nguoi_nhap,gio,created_at) VALUES ('PT-030','2026-05-26','KH-009','Vận tải Ý','trahet','vantai','["W260525-51-003"]',9500,'PLN','CK','Trả Ý đủ','NV-005','11:30',datetime('now'));
INSERT OR REPLACE INTO phieu_thu (id,ngay,khach_hang_id,dau_muc,kieu_qt,loai_tien,lo_ids,so_tien,tien_te,hinh_thuc,ghi_chu,nguoi_nhap,gio,created_at) VALUES ('PT-031','2026-05-26','KH-010','Vận tải khác','trahet','vantai','["K260521-49-001"]',14400,'EUR','CK','Trả VT Berlin','NV-005','12:00',datetime('now'));
INSERT OR REPLACE INTO phieu_thu (id,ngay,khach_hang_id,dau_muc,kieu_qt,loai_tien,lo_ids,so_tien,tien_te,hinh_thuc,ghi_chu,nguoi_nhap,gio,created_at) VALUES ('PT-032','2026-05-26','KH-010','Vận tải khác','trahet','tienhang','["K260520-52-001"]',5000,'EUR','CK','Trả TH Madrid','NV-005','12:30',datetime('now'));
INSERT OR REPLACE INTO phieu_thu (id,ngay,khach_hang_id,dau_muc,kieu_qt,loai_tien,lo_ids,so_tien,tien_te,hinh_thuc,ghi_chu,nguoi_nhap,gio,created_at) VALUES ('PT-033','2026-05-26','KH-011','Vận tải Tiệp','trahet','vantai','["C260524-52-003"]',4500,'PLN','TM','Trả Tiệp đủ','NV-005','13:00',datetime('now'));
INSERT OR REPLACE INTO phieu_thu (id,ngay,khach_hang_id,dau_muc,kieu_qt,loai_tien,lo_ids,so_tien,tien_te,hinh_thuc,ghi_chu,nguoi_nhap,gio,created_at) VALUES ('PT-034','2026-05-26','KH-012','Vận tải Balan','trahet','vantai','["P260522-54-001"]',2000,'PLN','TM','Trả nội địa','NV-005','13:30',datetime('now'));
INSERT OR REPLACE INTO phieu_thu (id,ngay,khach_hang_id,dau_muc,kieu_qt,loai_tien,lo_ids,so_tien,tien_te,hinh_thuc,ghi_chu,nguoi_nhap,gio,created_at) VALUES ('PT-035','2026-05-26','KH-012','Vận tải Ý','trahet','vantai','["W260525-51-005"]',7225,'PLN','CK','Trả Ý','NV-005','13:45',datetime('now'));
INSERT OR REPLACE INTO phieu_thu (id,ngay,khach_hang_id,dau_muc,kieu_qt,loai_tien,lo_ids,so_tien,tien_te,hinh_thuc,ghi_chu,nguoi_nhap,gio,created_at) VALUES ('PT-036','2026-05-26','KH-014','Vận tải Pháp','trahet','vantai','["F260526-49-004"]',13000,'PLN','CK','Trả VT Pháp','NV-005','14:00',datetime('now'));
INSERT OR REPLACE INTO phieu_thu (id,ngay,khach_hang_id,dau_muc,kieu_qt,loai_tien,lo_ids,so_tien,tien_te,hinh_thuc,ghi_chu,nguoi_nhap,gio,created_at) VALUES ('PT-037','2026-05-26','KH-014','Vận tải Pháp','trahet','tienhang','["F260526-49-004"]',6500,'PLN','CK','Trả TH Pháp','NV-005','14:05',datetime('now'));
INSERT OR REPLACE INTO phieu_thu (id,ngay,khach_hang_id,dau_muc,kieu_qt,loai_tien,lo_ids,so_tien,tien_te,hinh_thuc,ghi_chu,nguoi_nhap,gio,created_at) VALUES ('PT-038','2026-05-26','KH-014','Vận tải Balan','trahet','vantai','["P260522-54-002"]',2100,'PLN','TM','','NV-005','14:30',datetime('now'));
INSERT OR REPLACE INTO phieu_thu (id,ngay,khach_hang_id,dau_muc,kieu_qt,loai_tien,lo_ids,so_tien,tien_te,hinh_thuc,ghi_chu,nguoi_nhap,gio,created_at) VALUES ('PT-039','2026-05-26','KH-015','Vận tải Tiệp','trahet','vantai','["C260524-52-005"]',4000,'PLN','CK','Trả 1 phần Tiệp (còn 4100)','NV-005','15:00',datetime('now'));
INSERT OR REPLACE INTO phieu_chi (id,ngay,dau_muc,so_tien,tien_te,hinh_thuc,ghi_chu,nguoi_nhap,chuyen_xe_id,khach_hang_id,lo_ids,kieu_qt,gio,phai_thu_ve,created_at) VALUES ('PC-001','2026-05-25','Vận tải Pháp',4500,'PLN','CK','Trả TransPol F-240526-50','NV-007','F260524-50','','[]','trahet','11:00',1,datetime('now'));
INSERT OR REPLACE INTO phieu_chi (id,ngay,dau_muc,so_tien,tien_te,hinh_thuc,ghi_chu,nguoi_nhap,chuyen_xe_id,khach_hang_id,lo_ids,kieu_qt,gio,phai_thu_ve,created_at) VALUES ('PC-002','2026-05-26','Vận tải Pháp',250,'PLN','TM','Xăng XE 47','NV-003','','','[]','trahet','10:20',1,datetime('now'));
INSERT OR REPLACE INTO phieu_chi (id,ngay,dau_muc,so_tien,tien_te,hinh_thuc,ghi_chu,nguoi_nhap,chuyen_xe_id,khach_hang_id,lo_ids,kieu_qt,gio,phai_thu_ve,created_at) VALUES ('PC-003','2026-05-26','Văn phòng',180,'PLN','TM','Đồ thắp hương + giấy in','NV-006','','','[]','trahet','11:00',0,datetime('now'));
INSERT OR REPLACE INTO phieu_chi (id,ngay,dau_muc,so_tien,tien_te,hinh_thuc,ghi_chu,nguoi_nhap,chuyen_xe_id,khach_hang_id,lo_ids,kieu_qt,gio,phai_thu_ve,created_at) VALUES ('PC-004','2026-05-23','Vận tải Ý',4800,'PLN','CK','Trả TransPol W-230526-46','NV-007','W260523-46','','[]','trahet','14:00',1,datetime('now'));
INSERT OR REPLACE INTO phieu_chi (id,ngay,dau_muc,so_tien,tien_te,hinh_thuc,ghi_chu,nguoi_nhap,chuyen_xe_id,khach_hang_id,lo_ids,kieu_qt,gio,phai_thu_ve,created_at) VALUES ('PC-005','2026-05-22','Vận tải Pháp',4200,'PLN','CK','Trả EuroLogistics','NV-007','F260522-48','','[]','trahet','15:00',1,datetime('now'));
INSERT OR REPLACE INTO phieu_chi (id,ngay,dau_muc,so_tien,tien_te,hinh_thuc,ghi_chu,nguoi_nhap,chuyen_xe_id,khach_hang_id,lo_ids,kieu_qt,gio,phai_thu_ve,created_at) VALUES ('PC-006','2026-05-19','Vận tải Balan',1500,'PLN','TM','Chuyến nội địa','NV-007','P260519-46','','[]','trahet','10:00',1,datetime('now'));
INSERT OR REPLACE INTO phieu_chi (id,ngay,dau_muc,so_tien,tien_te,hinh_thuc,ghi_chu,nguoi_nhap,chuyen_xe_id,khach_hang_id,lo_ids,kieu_qt,gio,phai_thu_ve,created_at) VALUES ('PC-007','2026-05-15','Văn phòng',12000,'PLN','CK','Lương tháng 5','NV-007','','','[]','trahet','09:00',0,datetime('now'));
INSERT OR REPLACE INTO phieu_chi (id,ngay,dau_muc,so_tien,tien_te,hinh_thuc,ghi_chu,nguoi_nhap,chuyen_xe_id,khach_hang_id,lo_ids,kieu_qt,gio,phai_thu_ve,created_at) VALUES ('PC-008','2026-05-10','Chi ngoài',3000,'PLN','TM','Cho A Đức vay (PHẢI THU VỀ)','NV-007','','','[]','trahet','11:00',1,datetime('now'));
INSERT OR REPLACE INTO phieu_chi (id,ngay,dau_muc,so_tien,tien_te,hinh_thuc,ghi_chu,nguoi_nhap,chuyen_xe_id,khach_hang_id,lo_ids,kieu_qt,gio,phai_thu_ve,created_at) VALUES ('PC-009','2026-05-26','Vận tải Tiệp',5500,'PLN','CK','Trả CV C-260526-49','NV-007','C260526-49','','[]','trahet','09:00',1,datetime('now'));
INSERT OR REPLACE INTO phieu_chi (id,ngay,dau_muc,so_tien,tien_te,hinh_thuc,ghi_chu,nguoi_nhap,chuyen_xe_id,khach_hang_id,lo_ids,kieu_qt,gio,phai_thu_ve,created_at) VALUES ('PC-010','2026-05-26','Vận tải Ý',5200,'PLN','CK','Trả CV Roma','NV-007','W260526-46','','[]','trahet','09:30',1,datetime('now'));
INSERT OR REPLACE INTO phieu_chi (id,ngay,dau_muc,so_tien,tien_te,hinh_thuc,ghi_chu,nguoi_nhap,chuyen_xe_id,khach_hang_id,lo_ids,kieu_qt,gio,phai_thu_ve,created_at) VALUES ('PC-011','2026-05-26','Vận tải Pháp',4400,'PLN','CK','Trả CV Lyon','NV-007','F260526-47','','[]','trahet','10:00',1,datetime('now'));
INSERT OR REPLACE INTO phieu_chi (id,ngay,dau_muc,so_tien,tien_te,hinh_thuc,ghi_chu,nguoi_nhap,chuyen_xe_id,khach_hang_id,lo_ids,kieu_qt,gio,phai_thu_ve,created_at) VALUES ('PC-012','2026-05-26','Vận tải Pháp',380,'EUR','TM','Phí cầu đường Pháp (EUR)','NV-002','','','[]','trahet','12:00',1,datetime('now'));
INSERT OR REPLACE INTO phieu_chi (id,ngay,dau_muc,so_tien,tien_te,hinh_thuc,ghi_chu,nguoi_nhap,chuyen_xe_id,khach_hang_id,lo_ids,kieu_qt,gio,phai_thu_ve,created_at) VALUES ('PC-013','2026-05-26','Văn phòng',450,'PLN','TM','Văn phòng phẩm + nước uống','NV-006','','','[]','trahet','13:00',0,datetime('now'));
INSERT OR REPLACE INTO phieu_chi (id,ngay,dau_muc,so_tien,tien_te,hinh_thuc,ghi_chu,nguoi_nhap,chuyen_xe_id,khach_hang_id,lo_ids,kieu_qt,gio,phai_thu_ve,created_at) VALUES ('PC-014','2026-05-26','Chi ngoài',1500,'PLN','TM','Ứng lương NV-008','NV-007','','','[]','trahet','14:00',0,datetime('now'));
INSERT OR REPLACE INTO phieu_chi (id,ngay,dau_muc,so_tien,tien_te,hinh_thuc,ghi_chu,nguoi_nhap,chuyen_xe_id,khach_hang_id,lo_ids,kieu_qt,gio,phai_thu_ve,created_at) VALUES ('PC-015','2026-05-26','Vận tải Pháp',4600,'PLN','CK','Trả CV Paris','NV-007','F260526-49','','[]','trahet','08:00',1,datetime('now'));
INSERT OR REPLACE INTO phieu_chi (id,ngay,dau_muc,so_tien,tien_te,hinh_thuc,ghi_chu,nguoi_nhap,chuyen_xe_id,khach_hang_id,lo_ids,kieu_qt,gio,phai_thu_ve,created_at) VALUES ('PC-016','2026-05-25','Vận tải Ý',5100,'PLN','CK','Trả CV PolFracht','NV-007','W260525-51','','[]','trahet','09:00',1,datetime('now'));
INSERT OR REPLACE INTO phieu_chi (id,ngay,dau_muc,so_tien,tien_te,hinh_thuc,ghi_chu,nguoi_nhap,chuyen_xe_id,khach_hang_id,lo_ids,kieu_qt,gio,phai_thu_ve,created_at) VALUES ('PC-017','2026-05-24','Vận tải Tiệp',5800,'PLN','CK','Trả CV EastTrans','NV-007','C260524-52','','[]','trahet','09:30',1,datetime('now'));
INSERT OR REPLACE INTO phieu_chi (id,ngay,dau_muc,so_tien,tien_te,hinh_thuc,ghi_chu,nguoi_nhap,chuyen_xe_id,khach_hang_id,lo_ids,kieu_qt,gio,phai_thu_ve,created_at) VALUES ('PC-018','2026-05-23','Vận tải Pháp',4500,'PLN','CK','Trả CV WestExpress','NV-007','F260523-53','','[]','trahet','10:00',1,datetime('now'));
INSERT OR REPLACE INTO phieu_chi (id,ngay,dau_muc,so_tien,tien_te,hinh_thuc,ghi_chu,nguoi_nhap,chuyen_xe_id,khach_hang_id,lo_ids,kieu_qt,gio,phai_thu_ve,created_at) VALUES ('PC-019','2026-05-22','Vận tải Balan',1300,'PLN','TM','Trả CV CarpathianLog','NV-007','P260522-54','','[]','trahet','11:00',1,datetime('now'));
INSERT OR REPLACE INTO phieu_chi (id,ngay,dau_muc,so_tien,tien_te,hinh_thuc,ghi_chu,nguoi_nhap,chuyen_xe_id,khach_hang_id,lo_ids,kieu_qt,gio,phai_thu_ve,created_at) VALUES ('PC-020','2026-05-26','Vận tải khác',4200,'EUR','CK','Trả CV Berlin (EUR)','NV-007','K260521-49','','[]','trahet','13:00',1,datetime('now'));
INSERT OR REPLACE INTO phieu_chi (id,ngay,dau_muc,so_tien,tien_te,hinh_thuc,ghi_chu,nguoi_nhap,chuyen_xe_id,khach_hang_id,lo_ids,kieu_qt,gio,phai_thu_ve,created_at) VALUES ('PC-021','2026-05-26','Vận tải khác',6500,'EUR','CK','Trả CV Madrid (EUR)','NV-007','K260520-52','','[]','trahet','13:30',1,datetime('now'));
INSERT OR REPLACE INTO phieu_chi (id,ngay,dau_muc,so_tien,tien_te,hinh_thuc,ghi_chu,nguoi_nhap,chuyen_xe_id,khach_hang_id,lo_ids,kieu_qt,gio,phai_thu_ve,created_at) VALUES ('PC-022','2026-05-26','Vận tải Ý',520,'EUR','TM','Phí cầu đường Ý','NV-002','','','[]','trahet','15:00',1,datetime('now'));
INSERT OR REPLACE INTO phieu_chi (id,ngay,dau_muc,so_tien,tien_te,hinh_thuc,ghi_chu,nguoi_nhap,chuyen_xe_id,khach_hang_id,lo_ids,kieu_qt,gio,phai_thu_ve,created_at) VALUES ('PC-023','2026-05-25','Văn phòng',280,'PLN','TM','Mua mực in + giấy','NV-006','','','[]','trahet','16:00',0,datetime('now'));
INSERT OR REPLACE INTO phieu_chi (id,ngay,dau_muc,so_tien,tien_te,hinh_thuc,ghi_chu,nguoi_nhap,chuyen_xe_id,khach_hang_id,lo_ids,kieu_qt,gio,phai_thu_ve,created_at) VALUES ('PC-024','2026-05-24','Chi ngoài',850,'PLN','TM','Sửa lốp XE-49 (PHẢI THU CV-003)','NV-007','','','[]','trahet','17:00',1,datetime('now'));
INSERT OR REPLACE INTO phieu_chi (id,ngay,dau_muc,so_tien,tien_te,hinh_thuc,ghi_chu,nguoi_nhap,chuyen_xe_id,khach_hang_id,lo_ids,kieu_qt,gio,phai_thu_ve,created_at) VALUES ('PC-025','2026-05-23','Vận tải Pháp',300,'EUR','TM','Phí phà Calais','NV-002','','','[]','trahet','18:00',1,datetime('now'));
INSERT OR REPLACE INTO so_du_dau_ky (id,tien_te,so_du,ngay_ap_dung,created_at) VALUES ('SD-PLN','PLN',25000,'2026-01-01',datetime('now'));
INSERT OR REPLACE INTO so_du_dau_ky (id,tien_te,so_du,ngay_ap_dung,created_at) VALUES ('SD-EUR','EUR',8500,'2026-01-01',datetime('now'));
INSERT OR REPLACE INTO so_du_dau_ky (id,tien_te,so_du,ngay_ap_dung,created_at) VALUES ('SD-USD','USD',320,'2026-01-01',datetime('now'));
COMMIT;
PRAGMA foreign_keys=ON;
